{
  "mode": "predict",
  "fit_success": true,
  "train_matches": 301,
  "rho": -0.08574692506699254
}
{
  "home": "Spain",
  "away": "Cape Verde",
  "lambda_home": 3.334721357851885,
  "lambda_away": 0.5884703211756871,
  "rho": -0.08574692506699254,
  "outcome": {
    "H": 0.8784462040095498,
    "D": 0.08965042162299722,
    "A": 0.03190337436745303
  },
  "over_25": 0.7485719377897958,
  "btts": 0.4322125222389013,
  "most_likely": [
    3,
    0
  ]
}
